residue,aa,position,importance,bw_id
TYR416.A,TYR,416,0.05522083185491963,6.48
TYR408.A,TYR,408,0.05050445681343521,5.62
PHE189.A,PHE,189,0.04990754374769301,
LEU94.A,LEU,94,0.04619535348977685,
SER193.A,SER,193,0.028616406491896756,
ASP114.A,ASP,114,0.028420421290917534,3.32
ILE184.A,ILE,184,0.027768230217333923,4.60
TRP100.A,TRP,100,0.027283196137063658,3.28
THR412.A,THR,412,0.02675350664224257,
PHE389.A,PHE,389,0.026452876652311375,5.43
PHE110.A,PHE,110,0.02583676582913435,
VAL91.A,VAL,91,0.025376798944096148,
SER409.A,SER,409,0.024377104666612016,
HIS393.A,HIS,393,0.02422919713170442,5.47
PHE390.A,PHE,390,0.022869978134945467,
TRP413.A,TRP,413,0.022501966683936673,
