feature,importance,std,method
VAL91.A.VdWContact,0.02080821998776742,0.0007311419339365775,permutation
ILE184.A.VdWContact,0.015038496660024981,0.0008888126505187847,permutation
HIS393.A.Hydrophobic,0.013324928429106698,0.0008181986894720927,permutation
THR412.A.VdWContact,0.012927133891966081,0.0007828951454520317,permutation
TRP100.A.VdWContact,0.011098478294017156,0.0012028805148850015,permutation
PHE189.A.Hydrophobic,0.008592811729574245,0.0005304603703812322,permutation
VAL91.A.Hydrophobic,0.008247356888195223,0.0005674129309838942,permutation
LEU94.A.Hydrophobic,0.008203861830056192,0.0004484564068021748,permutation
PHE389.A.VdWContact,0.007312009690125021,0.00048066994048287395,permutation
TYR408.A.VdWContact,0.005572785585425078,0.0006947360648371667,permutation
TYR408.A.Hydrophobic,0.005432791890174015,0.00046656222381836603,permutation
TRP413.A.Hydrophobic,0.005399811885479733,0.0006829891251753154,permutation
PHE389.A.PiStacking,0.0044596890114051106,0.00031082874983566044,permutation
SER193.A.VdWContact,0.004038530068341395,0.00032787272030568705,permutation
ASP114.A.VdWContact,0.003961027057309818,0.0005526271908698641,permutation
PHE390.A.Hydrophobic,0.003914555232513306,0.0003425294645262722,permutation
SER409.A.VdWContact,0.003712456333617176,0.0006252630192244208,permutation
PHE110.A.VdWContact,0.0034574823492728333,0.00025785480839592346,permutation
TYR416.A.Hydrophobic,0.0031134409366663897,0.0005081886037142608,permutation
PHE198.A.VdWContact,0.0029495688613931925,0.0002933308736111791,permutation
