residue,aa,position,importance,bw_id
VAL91.A,VAL,91,0.029055576875962642,
ILE184.A,ILE,184,0.015038496660024981,4.60
HIS393.A,HIS,393,0.013324928429106698,5.47
THR412.A,THR,412,0.012927133891966081,
PHE389.A,PHE,389,0.011771698701530131,5.43
TRP100.A,TRP,100,0.011098478294017156,3.28
TYR408.A,TYR,408,0.011005577475599094,5.62
PHE189.A,PHE,189,0.008592811729574245,
LEU94.A,LEU,94,0.008203861830056192,
TRP413.A,TRP,413,0.005399811885479733,
SER193.A,SER,193,0.004038530068341395,
ASP114.A,ASP,114,0.003961027057309818,3.32
PHE390.A,PHE,390,0.003914555232513306,
SER409.A,SER,409,0.003712456333617176,
PHE110.A,PHE,110,0.0034574823492728333,
TYR416.A,TYR,416,0.0031134409366663897,6.48
PHE198.A,PHE,198,0.0029495688613931925,
