residue,aa,position,importance,bw_id
VAL91.A,VAL,91,0.04792545605857045,
TYR408.A,TYR,408,0.024894939428221435,5.62
PHE389.A,PHE,389,0.022661796186978972,5.43
HIS393.A,HIS,393,0.02180659546878044,5.47
LEU94.A,LEU,94,0.021273290349032522,
TRP100.A,TRP,100,0.020218054630556474,3.28
ILE184.A,ILE,184,0.01855834266791431,4.60
THR412.A,THR,412,0.01567177598043367,
TRP413.A,TRP,413,0.014865832129337671,
PHE189.A,PHE,189,0.01470807725673231,
SER409.A,SER,409,0.01198408702824811,
PHE390.A,PHE,390,0.00990622373622691,
ASP114.A,ASP,114,0.009165752128407333,3.32
SER193.A,SER,193,0.009104300917468604,
PHE198.A,PHE,198,0.008314086658328518,
TYR416.A,TYR,416,0.008112711579560861,6.48
TRP386.A,TRP,386,0.007952087747866536,
