feature,importance,method
VAL91.A.VdWContact,0.03138459519368485,shap
HIS393.A.Hydrophobic,0.02180659546878044,shap
LEU94.A.Hydrophobic,0.021273290349032522,shap
TRP100.A.VdWContact,0.020218054630556474,shap
ILE184.A.VdWContact,0.01855834266791431,shap
VAL91.A.Hydrophobic,0.016540860864885605,shap
THR412.A.VdWContact,0.01567177598043367,shap
TRP413.A.Hydrophobic,0.014865832129337671,shap
PHE189.A.Hydrophobic,0.01470807725673231,shap
TYR408.A.VdWContact,0.013156499035536052,shap
PHE389.A.VdWContact,0.012035013070112597,shap
SER409.A.VdWContact,0.01198408702824811,shap
TYR408.A.Hydrophobic,0.011738440392685384,shap
PHE389.A.PiStacking,0.010626783116866373,shap
PHE390.A.Hydrophobic,0.00990622373622691,shap
ASP114.A.VdWContact,0.009165752128407333,shap
SER193.A.VdWContact,0.009104300917468604,shap
PHE198.A.Hydrophobic,0.008314086658328518,shap
TYR416.A.Hydrophobic,0.008112711579560861,shap
TRP386.A.VdWContact,0.007952087747866536,shap
