residue,aa,position,best_feature,p_fisher_adj,freq_diff,significant_adj
VAL91.A,VAL,91,VAL91.A.VdWContact,9.705650640437666e-26,0.13858326466068283,True
LEU94.A,LEU,94,LEU94.A.Hydrophobic,2.1443343970845666e-13,0.09959019131829216,True
TRP413.A,TRP,413,TRP413.A.Hydrophobic,1.4633986775975053e-12,0.09435408018338592,True
TRP100.A,TRP,100,TRP100.A.VdWContact,2.435007187722009e-12,0.09265753734450144,True
ILE184.A,ILE,184,ILE184.A.VdWContact,2.0460208619115296e-08,0.07736937776582314,True
TYR408.A,TYR,408,TYR408.A.VdWContact,3.970268754423176e-08,0.06862625002784023,True
THR412.A,THR,412,THR412.A.VdWContact,6.378880419970896e-08,0.0749652639171337,True
HIS393.A,HIS,393,HIS393.A.Hydrophobic,2.362790504300778e-07,0.07054465835285006,True
SER409.A,SER,409,SER409.A.VdWContact,1.0644636747670102e-06,0.062197290671198724,True
PHE189.A,PHE,189,PHE189.A.Hydrophobic,2.356355124790556e-06,0.05817244516324671,True
PHE110.A,PHE,110,PHE110.A.VdWContact,4.8357054844483126e-05,-0.041383481215103296,True
PHE389.A,PHE,389,PHE389.A.PiStacking,0.00012201154131922274,-0.04186576024478875,True
PHE198.A,PHE,198,PHE198.A.VdWContact,0.00033062608543180013,-0.02975010579300208,True
VAL111.A,VAL,111,VAL111.A.VdWContact,0.00106760021063595,-0.013268669680839219,True
THR119.A,THR,119,THR119.A.VdWContact,0.0037223275239564035,0.0210896422226296,True
TYR416.A,TYR,416,TYR416.A.HBDonor,0.0058859552316185785,-0.012585940752492343,True
ASN396.A,ASN,396,ASN396.A.VdWContact,0.011652075229433678,0.008603069795969415,True
ILE403.A,ILE,403,ILE403.A.VdWContact,0.011806654233541184,0.004278406063523772,True
VAL190.A,VAL,190,VAL190.A.Hydrophobic,0.011806654233541184,0.007268450385223587,True
ASP114.A,ASP,114,ASP114.A.VdWContact,0.017833470812222665,-0.03626644074649599,True
