bw_id,d2_position,d4_position,d2_residue,d2_aa,d2_position_data,d2_score,d4_residue,d4_aa,d4_position_data,d4_score,both_significant
3.28,100,101,TRP100.A,TRP,100.0,2.435007187722009e-12,TRP101.A,TRP,101.0,0.1499478762488091,True
3.29,103,103,,,,,,,,,False
3.32,114,115,ASP114.A,ASP,114.0,0.017833470812222665,ASP115.A,ASP,115.0,0.0012892530722954606,True
4.56,178,178,,,,,,,,,False
4.59,181,181,,,,,,,,,False
4.60,184,111,ILE184.A,ILE,184.0,2.0460208619115296e-08,,,,,False
4.66,190,195,VAL190.A,VAL,190.0,0.011806654233541184,,,,,False
4.68,192,192,,,,,,,,,False
5.43,389,91,PHE389.A,PHE,389.0,0.00012201154131922274,PHE91.A,PHE,91.0,0.02584672844519534,True
5.58,404,404,,,,,,,,,False
5.64,410,410,,,,,PHE410.A,PHE,410.0,3.7343935709498003e-19,False
6.48,416,419,TYR416.A,TYR,416.0,0.0058859552316185785,,,,,False
