bw_id,d2_position,d4_position,d2_residue,d2_aa,d2_position_data,d2_score,d4_residue,d4_aa,d4_position_data,d4_score,both_significant
3.28,100,101,TRP100.A,TRP,100.0,0.020218054630556474,TRP101.A,TRP,101.0,0.010762335390654253,True
3.29,103,103,,,,,,,,,False
3.32,114,115,ASP114.A,ASP,114.0,0.009165752128407333,ASP115.A,ASP,115.0,0.01950069713984695,True
4.56,178,178,,,,,,,,,False
4.59,181,181,,,,,,,,,False
4.60,184,111,ILE184.A,ILE,184.0,0.01855834266791431,,,,,False
4.66,190,195,,,,,,,,,False
4.68,192,192,,,,,,,,,False
5.43,389,91,PHE389.A,PHE,389.0,0.022661796186978972,PHE91.A,PHE,91.0,0.02599353604506033,True
5.58,404,404,,,,,,,,,False
5.64,410,410,,,,,PHE410.A,PHE,410.0,0.062174392288167665,False
6.48,416,419,TYR416.A,TYR,416.0,0.008112711579560861,,,,,False
