residue,aa,position,importance,bw_id
PHE91.A,PHE,91,0.05923181880092632,5.43
LEU111.A,LEU,111,0.05683358740045508,4.60
LEU187.A,LEU,187,0.05610679347826092,
PHE410.A,PHE,410,0.055393848404325347,5.64
PHE411.A,PHE,411,0.04857006174245747,
MET112.A,MET,112,0.04807400488846604,
CYS185.A,CYS,185,0.03148687127771639,
ARG186.A,ARG,186,0.03008569045461986,
HIS414.A,HIS,414,0.029424409779303468,
SER94.A,SER,94,0.02723865299000041,
TRP101.A,TRP,101,0.02710469916863721,3.28
THR434.A,THR,434,0.026564611145058474,
ASP115.A,ASP,115,0.02645658132260215,3.32
VAL116.A,VAL,116,0.025044461247577327,
VAL87.A,VAL,87,0.02460543142068903,
