feature,importance,std,method
PHE411.A.Hydrophobic,0.03699172872813047,0.004370584595227517,permutation
PHE410.A.Hydrophobic,0.01505791505791514,0.001828889509796955,permutation
PHE410.A.PiStacking,0.014328928450267443,0.0025442148286206417,permutation
PHE91.A.PiStacking,0.012591274777467321,0.0018188632048467754,permutation
ARG186.A.VdWContact,0.010089497746401587,0.002585899454534495,permutation
VAL430.A.VdWContact,0.009379694996849874,0.0027509652509652535,permutation
PHE410.A.VdWContact,0.007160223582817838,0.0018234902395942792,permutation
ASP115.A.HBDonor,0.00584966317183897,0.0013222965922190582,permutation
ASP115.A.VdWContact,0.005132994620442399,0.0021781410641282008,permutation
MET112.A.VdWContact,0.004723267798581665,0.0013117385118181345,permutation
GLU95.A.VdWContact,0.004617453676031169,0.0009937866931454624,permutation
LEU111.A.Hydrophobic,0.0038295019466568214,0.0013326206763923615,permutation
TYR438.A.VdWContact,0.0035318492431463677,0.001411156810413446,permutation
VAL193.A.VdWContact,0.003282661023246869,0.0009732476016948927,permutation
HIS414.A.Hydrophobic,0.0029690554272144955,0.001645431138813684,permutation
SER94.A.VdWContact,0.0029446212500606195,0.0014385950751917222,permutation
CYS185.A.VdWContact,0.0026877594869227474,0.0025283347530349032,permutation
VAL116.A.Hydrophobic,0.00218918111177534,0.0016448804788174649,permutation
PHE91.A.VdWContact,0.0021887772410785766,0.0015202436718918918,permutation
LEU90.A.VdWContact,0.0021724204778598597,0.0007176924327916744,permutation
