residue,aa,position,importance,bw_id
PHE411.A,PHE,411,0.03699172872813047,
PHE410.A,PHE,410,0.03654706709100042,5.64
PHE91.A,PHE,91,0.014780052018545898,5.43
ASP115.A,ASP,115,0.010982657792281369,3.32
ARG186.A,ARG,186,0.010089497746401587,
VAL430.A,VAL,430,0.009379694996849874,
MET112.A,MET,112,0.004723267798581665,
GLU95.A,GLU,95,0.004617453676031169,
LEU111.A,LEU,111,0.0038295019466568214,4.60
TYR438.A,TYR,438,0.0035318492431463677,
VAL193.A,VAL,193,0.003282661023246869,
HIS414.A,HIS,414,0.0029690554272144955,
SER94.A,SER,94,0.0029446212500606195,
CYS185.A,CYS,185,0.0026877594869227474,
VAL116.A,VAL,116,0.00218918111177534,
LEU90.A,LEU,90,0.0021724204778598597,
