feature,importance,method
PHE411.A.Hydrophobic,0.06320588155869405,shap
PHE410.A.PiStacking,0.024869116246127147,shap
PHE410.A.Hydrophobic,0.024280501760854594,shap
ARG186.A.VdWContact,0.020870498572267686,shap
THR434.A.VdWContact,0.01647313604930245,shap
PHE91.A.PiStacking,0.01423935741436144,shap
PHE410.A.VdWContact,0.013024774281185925,shap
VAL116.A.Hydrophobic,0.012406417647093323,shap
VAL430.A.VdWContact,0.012172763106635568,shap
PHE91.A.VdWContact,0.011754178630698891,shap
TRP101.A.Hydrophobic,0.010762335390654253,shap
HIS414.A.Hydrophobic,0.010267087524522116,shap
ASP115.A.HBDonor,0.009825959125847702,shap
ASP115.A.VdWContact,0.00967473801399925,shap
HIS414.A.VdWContact,0.009616256431902233,shap
LEU187.A.VdWContact,0.009130433675711157,shap
CYS185.A.VdWContact,0.009045172435227249,shap
LEU187.A.Hydrophobic,0.008742011070908095,shap
VAL116.A.VdWContact,0.008551961653134838,shap
TYR438.A.Hydrophobic,0.008274807330982353,shap
