residue,aa,position,best_feature,p_fisher_adj,freq_diff,significant_adj
PHE411.A,PHE,411,PHE411.A.Hydrophobic,5.82172742196655e-23,0.2760738921826788,True
PHE410.A,PHE,410,PHE410.A.Hydrophobic,3.7343935709498003e-19,0.19249689019563498,True
VAL430.A,VAL,430,VAL430.A.VdWContact,4.8597505723413275e-06,-0.09094764220287231,True
THR434.A,THR,434,THR434.A.VdWContact,0.00012465950911038612,-0.11288185974378445,True
VAL116.A,VAL,116,VAL116.A.Hydrophobic,0.0005933226102083566,0.11378653010452178,True
ASP115.A,ASP,115,ASP115.A.VdWContact,0.0012892530722954606,0.09969548149464469,True
ARG186.A,ARG,186,ARG186.A.VdWContact,0.002886901581968286,-0.09325778258832651,True
GLY99.A,GLY,99,GLY99.A.VdWContact,0.002886901581968286,-0.056182452625967265,True
HIS414.A,HIS,414,HIS414.A.Hydrophobic,0.01147884228605582,0.08167073229834731,True
SER94.A,SER,94,SER94.A.VdWContact,0.02584672844519534,-0.07620232306424779,True
PHE91.A,PHE,91,PHE91.A.VdWContact,0.02584672844519534,-0.08073779098883699,True
LEU187.A,LEU,187,LEU187.A.VdWContact,0.02584672844519534,0.08144456470816303,True
GLU95.A,GLU,95,GLU95.A.VdWContact,0.04089616527662559,-0.051045217363208994,True
TYR438.A,TYR,438,TYR438.A.Hydrophobic,0.057291977457371523,-0.04121904331109352,False
SER196.A,SER,196,SER196.A.VdWContact,0.057291977457371523,0.058347199560588675,False
PRO427.A,PRO,427,PRO427.A.VdWContact,0.06132382000217998,-0.02591638261094328,False
SER197.A,SER,197,SER197.A.VdWContact,0.06860449502344797,0.04389266732362966,False
GLN417.A,GLN,417,GLN417.A.VdWContact,0.14640203831805698,-0.023343726272596562,False
TRP101.A,TRP,101,TRP101.A.Hydrophobic,0.1499478762488091,0.060503869081274975,False
SER431.A,SER,431,SER431.A.HBDonor,0.1499478762488091,-0.006276150627615063,False
